exp,dataset,target,active_source_pcr,sparsity_pcr,total_root_nodes,total_sources,count_min,count_max,count_avg,count_median,count_std,count_skew
ps1_thy,THY,A2M,100.0,93.76,36,1437,0.0,295.0,3.820433436532508,2.0,11.55059,14.27208
ps1_thy,THY,ACADVL,100.0,91.19,26,1535,0.0,274.0,3.908444697185101,2.0,10.11518,15.68635
ps1_thy,THY,ACTA2,100.0,95.74,46,1338,0.0,301.0,3.1659671880961464,1.0,9.21408,20.43279
ps1_thy,THY,ACTB,100.0,75.37,11,1451,0.0,184.0,3.2928008140422285,1.0,8.15164,10.75152
ps1_thy,THY,ACTG1,100.0,85.49,24,1509,0.0,111.0,2.822454804947669,1.0,5.5451,8.40344
ps1_thy,THY,ACTN4,100.0,96.09,62,1334,0.0,267.0,3.1372488408037094,1.0,8.66268,16.35607
ps1_thy,THY,AEBP1,100.0,80.0,11,1406,0.0,260.0,3.9932104752667312,2.0,11.44535,12.22151
ps1_thy,THY,ALDH1A1,100.0,84.27,15,1445,0.0,210.0,4.199120234604106,2.0,10.08032,9.45877
ps1_thy,THY,ANXA2,100.0,72.96,4,1436,0.0,608.0,7.714745653573728,3.0,24.24059,14.24537
ps1_thy,THY,ANXA5,100.0,73.66,9,1450,0.0,275.0,3.8399767238871108,2.0,10.57035,13.52938
ps1_thy,THY,APLP2,100.0,80.49,8,1358,0.0,408.0,5.160849056603774,2.0,16.99145,12.57176
ps1_thy,THY,APMAP,100.0,81.54,10,1361,0.0,239.0,4.896140071627537,2.0,13.94623,8.66591
ps1_thy,THY,APOD,100.0,89.54,25,1524,0.0,249.0,3.221636546184739,2.0,7.41016,17.60514
ps1_thy,THY,APOE,100.0,93.75,39,1480,0.0,173.0,2.972291493488501,2.0,6.28238,15.28848
ps1_thy,THY,APP,100.0,80.55,9,1344,0.0,299.0,5.136421589460263,2.0,16.48545,10.79763
ps1_thy,THY,AQP1,100.0,93.32,43,1497,0.0,305.0,2.8619567743434815,2.0,7.45693,23.51366
ps1_thy,THY,ARF1,100.0,67.66,6,1321,0.0,432.0,4.367538041357784,2.0,15.9115,14.83887
ps1_thy,THY,ARF5,100.0,72.76,7,1465,0.0,339.0,4.873970640887934,2.0,13.56392,12.96199
ps1_thy,THY,ARHGDIA,100.0,74.03,7,1319,0.0,432.0,4.72977481234362,2.0,14.97266,15.13521
ps1_thy,THY,ARL6IP4,100.0,64.34,3,1345,0.0,293.0,7.225156358582349,3.0,19.75565,7.71327
ps1_thy,THY,ASAH1,100.0,75.19,8,1372,0.0,218.0,4.677561513037092,2.0,12.29487,8.5517
ps1_thy,THY,ATF4,100.0,74.22,4,1469,0.0,596.0,8.297029702970297,4.0,21.95802,14.96243
ps1_thy,THY,ATN1,100.0,70.97,5,1539,0.0,435.0,5.8701880035810206,3.0,14.93445,15.2977
ps1_thy,THY,ATP1A1,100.0,83.05,10,1295,0.0,447.0,5.090205011389521,2.0,17.93989,14.04613
ps1_thy,THY,ATP5F1B,100.0,75.39,8,1384,0.0,383.0,3.956697247706422,2.0,15.17616,16.13151
ps1_thy,THY,ATP5F1D,100.0,76.37,5,1365,0.0,411.0,5.676999380037198,2.0,19.61376,14.11033
ps1_thy,THY,ATP5ME,100.0,49.82,2,1396,0.0,597.0,6.6395431834403995,3.0,21.47769,17.77917
ps1_thy,THY,ATP5PD,100.0,66.02,4,1364,0.0,605.0,5.306903991370011,2.0,22.26244,16.6511
ps1_thy,THY,ATP5PO,100.0,78.55,7,1330,0.0,480.0,4.659489233850776,2.0,17.66767,15.77433
ps1_thy,THY,ATP6V0C,100.0,80.62,9,1335,0.0,348.0,4.813653928724775,2.0,16.93973,12.38163
ps1_thy,THY,ATP6V0E1,100.0,81.38,11,1276,0.0,173.0,4.459066564651875,1.0,13.68205,7.48158
ps1_thy,THY,ATRAID,100.0,77.62,8,1377,0.0,273.0,4.828803245436106,2.0,14.86556,11.57938
ps1_thy,THY,AUP1,100.0,81.84,6,1452,0.0,291.0,7.498103666245259,3.0,18.16944,8.67187
ps1_thy,THY,B2M,100.0,73.1,7,1497,0.0,242.0,4.7584249733948205,2.0,12.6575,10.19023
ps1_thy,THY,BCAM,100.0,77.8,8,1475,0.0,211.0,5.334351145038168,2.0,12.81851,7.97653
ps1_thy,THY,BEX3,100.0,72.03,8,1367,0.0,266.0,4.189604445897352,2.0,11.87309,11.97722
ps1_thy,THY,BEX4,100.0,79.06,13,1326,0.0,203.0,3.712465373961219,1.0,10.59124,10.17162
ps1_thy,THY,BGN,100.0,85.64,12,1465,0.0,284.0,5.27892234548336,2.0,15.00042,10.84858
ps1_thy,THY,BHLHE40,100.0,53.26,5,1468,0.0,261.0,3.9559895074322355,2.0,10.14233,12.50635
ps1_thy,THY,BRK1,100.0,82.42,11,1276,0.0,368.0,4.066855753646678,1.0,14.68243,14.70679
ps1_thy,THY,BSG,100.0,64.12,5,1402,0.0,293.0,4.717693836978131,2.0,14.88131,11.05723
ps1_thy,THY,BTF3,100.0,49.61,2,1401,0.0,318.0,7.473796033994335,3.0,24.74653,8.89177
ps1_thy,THY,C11orf96,100.0,78.47,11,1524,0.0,217.0,3.507202216066482,2.0,8.25303,13.17426
ps1_thy,THY,C16orf89,100.0,48.65,2,1411,0.0,329.0,8.316770186335404,3.0,20.2789,7.80135
ps1_thy,THY,C1R,100.0,61.25,3,1373,0.0,294.0,7.056390977443609,3.0,20.60746,9.36932
ps1_thy,THY,C1S,100.0,73.84,8,1390,0.0,289.0,4.318322447576487,2.0,12.49807,10.73849
ps1_thy,THY,CALM2,100.0,76.31,8,1326,0.0,252.0,5.03183446080382,2.0,14.40179,9.76526
ps1_thy,THY,CALR,100.0,50.7,3,1184,0.0,474.0,4.440319817247287,2.0,19.6924,16.66012
ps1_thy,THY,CAPNS1,100.0,75.5,11,1421,0.0,180.0,3.615565421781144,1.0,9.24383,8.88678
ps1_thy,THY,CAT,100.0,0.0,1,1483,0.0,417.0,9.062710721510452,4.0,19.77215,9.88393
ps1_thy,THY,CAV1,100.0,87.74,26,1512,0.0,189.0,3.141671852312798,2.0,6.4713,12.21353
ps1_thy,THY,CAVIN1,100.0,74.05,4,1368,0.0,371.0,6.633098591549296,3.0,21.37083,12.1334
ps1_thy,THY,CCL21,100.0,86.85,19,1546,0.0,460.0,3.407973077918716,2.0,9.26327,33.01977
ps1_thy,THY,CCN1,100.0,78.73,7,1451,0.0,572.0,4.641203703703703,2.0,19.93567,22.51654
ps1_thy,THY,CCN2,100.0,68.65,9,1471,0.0,234.0,2.8149397590361445,1.0,7.72569,17.41
ps1_thy,THY,CCNI,100.0,61.1,5,1360,0.0,479.0,3.4071833648393195,1.0,17.35688,20.15495
ps1_thy,THY,CCNL2,100.0,86.82,17,1382,0.0,289.0,4.123385012919897,1.0,13.24697,11.78083
ps1_thy,THY,CD164,100.0,66.25,5,1367,0.0,309.0,4.673602080624187,2.0,14.99,12.48635
ps1_thy,THY,CD24,100.0,82.68,10,1446,0.0,270.0,5.3065868263473055,2.0,14.88836,9.88588
ps1_thy,THY,CD63,100.0,71.42,9,1428,0.0,339.0,3.44350667029676,1.0,12.02224,14.42686
ps1_thy,THY,CD74,100.0,83.3,21,1525,0.0,207.0,2.701140826631756,1.0,6.04157,15.6748
ps1_thy,THY,CD81,100.0,74.84,5,1334,0.0,293.0,7.1305125148986885,2.0,19.84172,8.01247
ps1_thy,THY,CDC37,100.0,73.04,8,1376,0.0,213.0,4.513477088948787,2.0,11.00397,8.18732
ps1_thy,THY,CDK2AP2,100.0,90.57,15,1368,0.0,288.0,4.617768595041323,2.0,13.23659,11.87751
ps1_thy,THY,CDK5RAP3,100.0,46.54,3,1388,0.0,428.0,5.089398023360287,2.0,18.07635,13.60483
ps1_thy,THY,CEBPD,100.0,79.21,5,1398,0.0,334.0,6.445973847212663,3.0,19.41915,9.65864
ps1_thy,THY,CFD,100.0,81.31,14,1499,0.0,209.0,3.6471188169301376,2.0,8.49504,12.88182
ps1_thy,THY,CHCHD10,100.0,0.0,1,1486,0.0,597.0,7.523553162853298,4.0,21.26173,17.38697
ps1_thy,THY,CHCHD2,100.0,78.46,11,1296,0.0,165.0,3.85607294041029,1.0,10.02787,7.79605
ps1_thy,THY,CHMP4B,100.0,80.48,7,1292,0.0,396.0,5.977903682719547,2.0,19.93173,11.00919
ps1_thy,THY,CIRBP,100.0,71.53,8,1409,0.0,169.0,3.8818946712371454,1.0,10.52105,9.21906
ps1_thy,THY,CITED2,100.0,73.91,9,1492,0.0,174.0,4.157008278618327,2.0,8.7819,8.90385
ps1_thy,THY,CKB,100.0,89.71,37,1497,0.0,61.0,2.2693454992103876,1.0,2.94065,6.84302
ps1_thy,THY,CLDN3,100.0,81.26,14,1382,0.0,168.0,3.7660689655172415,2.0,8.46353,7.88563
ps1_thy,THY,CLIC1,100.0,83.15,8,1428,0.0,433.0,5.505974025974026,3.0,17.78161,15.84548
ps1_thy,THY,CLIC3,100.0,85.0,19,1443,0.0,222.0,3.340466926070039,1.0,8.05446,11.57059
ps1_thy,THY,CLK1,100.0,86.35,22,1473,0.0,195.0,3.2000452079566,1.0,7.33717,11.8185
ps1_thy,THY,CLU,100.0,89.54,32,1442,0.0,104.0,2.5001035840066295,1.0,3.91162,9.53007
ps1_thy,THY,CNBP,100.0,75.36,8,1282,0.0,267.0,4.645429362880886,1.0,14.09887,10.10913
ps1_thy,THY,CNN3,100.0,79.19,13,1423,0.0,159.0,3.56,1.0,8.88353,9.17886
ps1_thy,THY,COL1A2,100.0,76.02,10,1501,0.0,215.0,3.656849124756877,2.0,9.49631,11.9315
ps1_thy,THY,COL6A1,100.0,73.76,9,1438,0.0,152.0,4.289458186101296,2.0,9.48094,7.37187
ps1_thy,THY,COL6A2,100.0,76.91,11,1453,0.0,166.0,3.7512869141154157,2.0,9.30057,9.08084
ps1_thy,THY,CORO6,100.0,93.04,54,1476,0.0,43.0,1.9021092482422932,1.0,2.07372,7.54769
ps1_thy,THY,COX4I1,100.0,0.0,1,1353,0.0,557.0,5.798226164079822,3.0,24.16208,17.06831
ps1_thy,THY,COX5B,100.0,0.0,1,1315,0.0,449.0,6.503422053231939,2.0,23.41766,12.49181
ps1_thy,THY,COX6A1,100.0,0.0,1,1297,0.0,670.0,5.9653045489591365,2.0,24.88963,18.74203
ps1_thy,THY,COX7C,100.0,45.58,3,1181,0.0,438.0,3.266597510373444,1.0,17.55763,18.99255
ps1_thy,THY,COX8A,100.0,0.0,1,1181,0.0,605.0,5.441998306519898,2.0,24.00962,18.02482
ps1_thy,THY,CPE,100.0,75.88,5,1422,0.0,608.0,6.941107871720116,3.0,23.36671,15.01083
ps1_thy,THY,CRABP1,100.0,81.69,16,1519,0.0,109.0,3.3303370786516853,2.0,6.12544,8.28168
ps1_thy,THY,CRYAB,100.0,91.8,23,1467,0.0,122.0,3.0245753523671848,2.0,6.00525,11.86355
ps1_thy,THY,CSDE1,100.0,74.73,5,1291,0.0,406.0,6.370324954015941,2.0,21.06159,10.41176
ps1_thy,THY,CSNK2B,100.0,58.5,5,1386,0.0,283.0,4.441585535465925,2.0,12.45209,11.06568
ps1_thy,THY,CSRP1,100.0,94.14,54,1382,0.0,151.0,2.5466605672461116,1.0,5.12036,13.14627
ps1_thy,THY,CST3,100.0,85.57,17,1446,0.0,142.0,4.066553863508179,2.0,9.31225,7.64921
ps1_thy,THY,CTSB,100.0,82.93,16,1499,0.0,326.0,3.1942340581480577,2.0,9.62826,18.76471
ps1_thy,THY,CTSD,100.0,86.43,12,1359,0.0,288.0,5.0881156800723,2.0,15.04042,10.65876
ps1_thy,THY,CTTN,100.0,83.89,11,1392,0.0,170.0,5.455393349553933,2.0,13.43999,6.88246
ps1_thy,THY,CUTA,100.0,81.56,9,1225,0.0,398.0,4.859321200196754,1.0,17.72692,11.95925
ps1_thy,THY,CYBRD1,100.0,79.81,12,1357,0.0,322.0,4.015819896562215,2.0,12.48185,14.17234
ps1_thy,THY,DAD1,100.0,93.53,30,1078,0.0,224.0,3.8389101338432123,1.0,13.0945,11.53837
ps1_thy,THY,DCN,100.0,78.41,7,1447,0.0,514.0,4.5788751714677645,2.0,14.27586,23.24363
ps1_thy,THY,DDIT4,100.0,95.33,59,1098,0.0,96.0,2.153337739590218,1.0,3.53646,10.90946
ps1_thy,THY,DDOST,100.0,39.77,2,1256,0.0,341.0,6.290812954395241,2.0,19.75257,9.83436
ps1_thy,THY,DDX17,100.0,85.48,19,1386,0.0,188.0,3.590065359477124,1.0,9.43382,9.3763
ps1_thy,THY,DDX39B,100.0,74.48,8,1438,0.0,264.0,4.635899182561308,2.0,12.9229,9.753
ps1_thy,THY,DDX5,100.0,70.95,10,1523,0.0,144.0,3.4419077757685352,2.0,6.27131,8.79605
ps1_thy,THY,DEPP1,100.0,84.99,16,1502,0.0,192.0,3.3218741336290547,2.0,8.35757,12.21156
ps1_thy,THY,DPP7,100.0,85.38,13,1411,0.0,308.0,4.871737509321402,2.0,14.61652,10.44074
ps1_thy,THY,DRAP1,100.0,56.71,5,1416,0.0,256.0,4.365742251223491,2.0,12.48646,11.46342
ps1_thy,THY,DSTN,100.0,95.15,54,1084,0.0,205.0,2.9943661971830986,1.0,8.33958,14.29635
ps1_thy,THY,DUSP1,100.0,61.53,6,1501,0.0,190.0,4.0464646464646465,2.0,9.15431,10.48527
ps1_thy,THY,ECH1,100.0,39.02,3,1431,0.0,484.0,4.5122230710466,2.0,16.57386,16.27245
ps1_thy,THY,ECHS1,100.0,70.21,4,1300,0.0,480.0,7.070367979341511,3.0,20.98798,11.49254
ps1_thy,THY,EDF1,100.0,64.61,3,1360,0.0,350.0,7.39612188365651,3.0,22.84995,9.42802
ps1_thy,THY,EEF1A1,100.0,0.0,1,1306,0.0,428.0,6.725114854517611,2.0,22.80932,10.44557
ps1_thy,THY,EEF1B2,100.0,0.0,1,1375,0.0,494.0,7.796363636363636,3.0,23.25966,12.41105
ps1_thy,THY,EEF1G,100.0,0.0,1,1224,0.0,793.0,5.336601307189542,2.0,29.25442,21.73592
ps1_thy,THY,EEF2,100.0,75.91,7,1349,0.0,637.0,4.2505494505494505,2.0,18.30387,22.23503
ps1_thy,THY,EFEMP1,100.0,75.32,7,1473,0.0,310.0,5.437721021611002,2.0,13.88214,10.72941
ps1_thy,THY,EGR1,100.0,61.72,3,1476,0.0,566.0,6.274926253687315,3.0,20.68696,19.62663
ps1_thy,THY,EID1,100.0,67.14,5,1370,0.0,268.0,5.186583740559751,2.0,16.2841,9.79644
ps1_thy,THY,EIF1,100.0,0.0,1,1383,0.0,375.0,7.620390455531453,3.0,21.30856,10.47994
ps1_thy,THY,EIF3G,100.0,76.31,5,1245,0.0,386.0,5.303728813559322,2.0,18.54398,12.52875
ps1_thy,THY,EIF3L,100.0,0.0,1,1384,0.0,508.0,6.328757225433526,3.0,22.3328,15.87508
ps1_thy,THY,EIF4A1,100.0,54.24,3,1419,0.0,454.0,5.200718685831622,2.0,18.27576,14.99929
ps1_thy,THY,EIF4A2,100.0,81.91,14,1396,0.0,218.0,3.8141442715700142,1.0,10.35261,11.83137
ps1_thy,THY,EIF4B,100.0,59.46,4,1353,0.0,449.0,4.936189608021878,2.0,18.16955,13.88265
ps1_thy,THY,EIF4G2,100.0,87.42,22,1315,0.0,157.0,3.47306212204508,1.0,9.21872,8.36313
ps1_thy,THY,EIF5A,100.0,59.35,3,1421,0.0,464.0,6.503173687247547,3.0,21.43509,14.68808
ps1_thy,THY,ENG,100.0,91.38,40,1485,0.0,180.0,2.655145479398555,1.0,5.56531,11.52654
ps1_thy,THY,ENO1,100.0,78.16,9,1465,0.0,265.0,4.041681139284473,2.0,10.91788,13.59233
ps1_thy,THY,EPAS1,100.0,81.6,15,1492,0.0,241.0,3.447898955550158,2.0,8.8067,13.75925
ps1_thy,THY,EPCAM,100.0,76.44,11,1346,0.0,192.0,3.9223273144167385,1.0,9.98405,8.8529
ps1_thy,THY,EPHX1,100.0,0.0,1,1492,0.0,451.0,7.71916890080429,4.0,21.00474,13.84959
ps1_thy,THY,EPOR,100.0,75.63,10,1413,0.0,220.0,3.8481416957026715,1.0,10.8578,10.7212
ps1_thy,THY,EPS8L2,100.0,84.1,10,1487,0.0,457.0,5.225042301184433,2.0,15.85734,17.27941
ps1_thy,THY,ERGIC3,100.0,49.63,2,1337,0.0,417.0,7.266518188567186,3.0,24.37262,9.99822
ps1_thy,THY,ERRFI1,100.0,79.33,9,1535,0.0,198.0,4.596288515406163,2.0,9.30659,10.31793
ps1_thy,THY,ESAM,100.0,87.46,20,1482,0.0,198.0,3.947524219590958,2.0,8.20451,9.15056
ps1_thy,THY,EZR,100.0,77.93,13,1470,0.0,143.0,3.5357989568515884,2.0,7.38562,8.63209
ps1_thy,THY,FABP4,100.0,96.36,72,1289,0.0,181.0,2.300059241706161,1.0,4.73482,20.15757
ps1_thy,THY,FAU,100.0,26.07,2,1239,0.0,354.0,4.070414847161572,2.0,16.41423,13.68046
ps1_thy,THY,FBXO7,100.0,72.36,9,1455,0.0,293.0,3.803867403314917,2.0,9.36823,13.37222
ps1_thy,THY,FCGBP,100.0,65.92,3,1472,0.0,316.0,8.841196013289036,4.0,19.17787,8.23373
ps1_thy,THY,FHL1,100.0,75.43,10,1502,0.0,177.0,3.8693766937669376,2.0,8.42501,9.32677
ps1_thy,THY,FKBP8,100.0,66.62,4,1339,0.0,614.0,5.432885906040268,2.0,21.83066,18.90238
ps1_thy,THY,FLNA,100.0,95.8,65,1311,0.0,208.0,2.5532569192060386,1.0,5.93785,16.62026
ps1_thy,THY,FLOT1,100.0,49.29,2,1417,0.0,325.0,8.384829505915102,4.0,19.31456,8.89174
ps1_thy,THY,FOS,100.0,20.26,2,1525,0.0,445.0,4.3355263157894735,3.0,14.30765,23.05014
ps1_thy,THY,FTL,100.0,24.11,2,1481,0.0,352.0,5.4412811387900355,3.0,14.19373,13.95547
ps1_thy,THY,GABARAP,100.0,81.76,9,1225,0.0,429.0,4.391347588264545,1.0,16.39858,15.12793
ps1_thy,THY,GADD45B,100.0,68.54,5,1524,0.0,298.0,5.279933249895703,3.0,13.8194,12.07056
ps1_thy,THY,GANAB,100.0,80.76,6,1336,0.0,401.0,6.883916990920882,2.0,21.25133,10.37773
ps1_thy,THY,GAPDH,100.0,42.68,2,1407,0.0,479.0,5.9758214507129574,3.0,21.75131,16.61169
ps1_thy,THY,GAS6,100.0,86.08,27,1468,0.0,120.0,2.818807755028085,1.0,5.31557,8.21616
ps1_thy,THY,GLUL,100.0,69.44,9,1464,0.0,166.0,3.5675608544461004,2.0,7.43817,8.90971
ps1_thy,THY,GNAS,100.0,85.55,22,1492,0.0,198.0,3.0166561248155177,1.0,7.14371,12.38909
ps1_thy,THY,GNB2,100.0,74.02,5,1304,0.0,407.0,6.1056670602125145,2.0,20.91319,11.55467
ps1_thy,THY,GOLGA8A,100.0,83.4,18,1462,0.0,158.0,3.404211490043488,1.0,7.81343,8.94342
ps1_thy,THY,GOLGA8B,100.0,88.21,23,1542,0.0,215.0,3.694570676871562,2.0,7.86478,10.87853
ps1_thy,THY,GPX1,100.0,93.16,39,1405,0.0,257.0,3.248665955176094,1.0,8.58345,14.93248
ps1_thy,THY,GPX3,100.0,87.23,24,1533,0.0,151.0,3.198637428145625,2.0,5.66486,11.3892
ps1_thy,THY,GPX4,100.0,71.64,8,1434,0.0,220.0,4.295021511985249,2.0,11.0511,9.46807
ps1_thy,THY,GRINA,100.0,78.97,8,1423,0.0,244.0,4.984962406015038,2.0,14.2353,10.5172
ps1_thy,THY,GRN,100.0,70.43,6,1439,0.0,250.0,5.466118292205249,2.0,14.07037,9.09384
ps1_thy,THY,GSN,100.0,79.08,9,1414,0.0,218.0,4.587152516904583,2.0,11.36349,8.94756
ps1_thy,THY,GSTP1,100.0,49.81,2,1314,0.0,542.0,6.487490523123578,3.0,24.21585,16.24458
ps1_thy,THY,H1-0,100.0,93.0,51,1437,0.0,59.0,2.1126705653021443,1.0,2.87195,8.48579
ps1_thy,THY,H3-3B,100.0,91.06,37,1401,0.0,76.0,2.620362381363244,1.0,3.97712,6.93544
ps1_thy,THY,HBB,100.0,95.82,67,1328,0.0,63.0,2.2808384842784197,1.0,3.57668,7.81558
ps1_thy,THY,HERPUD1,100.0,91.51,23,1457,0.0,206.0,3.4472573839662446,2.0,9.3297,14.90654
ps1_thy,THY,HIGD2A,100.0,79.67,6,1312,0.0,417.0,5.8975,2.0,19.9705,12.49435
ps1_thy,THY,HLA-A,100.0,81.03,17,1524,0.0,151.0,3.0945890968266885,2.0,5.88638,9.61536
ps1_thy,THY,HLA-B,100.0,88.01,18,1486,0.0,300.0,4.251637043966324,2.0,10.88251,13.3956
ps1_thy,THY,HLA-C,100.0,87.14,30,1555,0.0,124.0,2.558946139736535,2.0,4.01611,12.71727
ps1_thy,THY,HLA-DRA,100.0,85.96,25,1528,0.0,188.0,2.5010251630941287,1.0,5.02076,16.54359
ps1_thy,THY,HLA-E,100.0,74.86,8,1451,0.0,289.0,4.64770390678547,2.0,13.04379,10.69371
ps1_thy,THY,HMGN3,100.0,77.46,5,1495,0.0,212.0,8.58753709198813,4.0,18.0936,6.15476
ps1_thy,THY,HNRNPA1,100.0,80.37,10,1467,0.0,273.0,4.845085098992706,2.0,11.81822,10.49057
ps1_thy,THY,HNRNPA2B1,100.0,73.39,4,1365,0.0,460.0,7.485203028217481,3.0,22.95564,12.13113
ps1_thy,THY,HNRNPDL,100.0,76.89,7,1456,0.0,251.0,5.352866242038217,2.0,13.99493,9.74809
ps1_thy,THY,HNRNPH1,100.0,81.43,12,1417,0.0,227.0,4.244141861937935,2.0,11.19561,8.43871
ps1_thy,THY,HNRNPK,100.0,86.17,15,1353,0.0,254.0,4.3453314326443335,2.0,13.57218,11.35358
ps1_thy,THY,HNRNPL,100.0,88.14,22,1462,0.0,162.0,3.9069706498951784,2.0,9.16921,8.98996
ps1_thy,THY,HSP90AA1,100.0,94.2,35,1359,0.0,135.0,1.9430540442509974,1.0,4.70185,20.35369
ps1_thy,THY,HSP90AB1,100.0,92.2,34,1438,0.0,170.0,2.1873689727463312,1.0,5.57221,17.75757
ps1_thy,THY,HSP90B1,100.0,35.47,3,1435,0.0,421.0,3.909647228221742,2.0,14.61471,18.3566
ps1_thy,THY,HSPA1A,100.0,96.13,57,1442,0.0,392.0,2.548255265639736,1.0,8.31303,34.63745
ps1_thy,THY,HSPA1B,100.0,95.35,41,1462,0.0,339.0,3.0337522441651705,2.0,9.79768,25.72302
ps1_thy,THY,HSPA5,100.0,86.93,14,1466,0.0,516.0,3.6615728661945584,2.0,13.20594,25.44988
ps1_thy,THY,HSPA8,100.0,93.48,30,1420,0.0,249.0,2.8794096472282216,2.0,7.65106,18.69264
ps1_thy,THY,HSPB1,100.0,94.67,35,1418,0.0,237.0,2.3910741301059,2.0,5.73315,29.21794
ps1_thy,THY,ID1,100.0,83.05,9,1422,0.0,506.0,5.573997233748271,2.0,18.55475,18.58956
ps1_thy,THY,ID3,100.0,49.12,2,1475,0.0,501.0,6.804796802131912,4.0,20.49842,17.59448
ps1_thy,THY,ID4,100.0,77.92,9,1414,0.0,269.0,4.551601423487544,2.0,11.90728,10.84084
ps1_thy,THY,IFI6,100.0,92.09,24,1121,0.0,149.0,2.480018805829807,1.0,5.7475,17.02277
ps1_thy,THY,IFITM1,100.0,86.88,17,1483,0.0,154.0,3.4182038100997882,2.0,7.30912,10.65466
ps1_thy,THY,IFITM2,100.0,75.65,6,1452,0.0,417.0,5.23008015087223,2.0,15.85923,14.65901
ps1_thy,THY,IGFBP4,100.0,94.72,24,1430,0.0,308.0,5.846026490066225,3.0,14.54915,10.58719
ps1_thy,THY,IGFBP5,100.0,88.94,16,1497,0.0,274.0,5.391993957703927,2.0,12.66118,9.80009
ps1_thy,THY,IGFBP7,100.0,79.83,11,1424,0.0,245.0,4.184177215189873,2.0,11.17622,11.51579
ps1_thy,THY,INPP5J,100.0,73.61,4,1479,0.0,425.0,8.635490070467648,4.0,20.86612,9.56958
ps1_thy,THY,IYD,100.0,81.81,13,1455,0.0,202.0,4.241860465116279,2.0,10.16061,9.51621
ps1_thy,THY,JTB,100.0,84.83,20,1429,0.0,249.0,3.1994466220890017,1.0,7.95605,12.7615
ps1_thy,THY,JUN,100.0,85.35,8,1354,0.0,579.0,4.520478890989288,2.0,20.70183,21.83291
ps1_thy,THY,JUNB,100.0,67.86,7,1458,0.0,251.0,3.329878048780488,1.0,9.76306,13.3381
ps1_thy,THY,JUND,100.0,66.95,6,1394,0.0,195.0,3.887481910274964,2.0,10.34429,10.16905
ps1_thy,THY,KDELR1,100.0,73.07,6,1291,0.0,336.0,5.300575263662512,2.0,17.29783,10.88865
ps1_thy,THY,KRT18,100.0,90.45,18,1374,0.0,243.0,4.58280389665396,2.0,12.79215,11.03878
ps1_thy,THY,KRT7,100.0,84.19,19,1486,0.0,157.0,3.0692359399507056,2.0,6.44075,10.99197
ps1_thy,THY,KRTCAP2,100.0,90.12,14,1271,0.0,295.0,5.795221843003413,2.0,17.24623,9.68765
ps1_thy,THY,LAMB2,100.0,89.83,40,1438,0.0,90.0,2.6367989056087553,1.0,4.52037,7.69201
ps1_thy,THY,LAMP1,100.0,76.6,7,1279,0.0,412.0,5.0276849642004775,2.0,18.16964,12.22276
ps1_thy,THY,LAPTM4A,100.0,0.0,1,1348,0.0,424.0,7.976261127596439,3.0,24.11987,9.66878
ps1_thy,THY,LDHA,100.0,50.85,4,1468,0.0,263.0,3.764033264033264,2.0,12.19554,14.09756
ps1_thy,THY,LDHB,100.0,67.66,4,1339,0.0,338.0,6.293302540415705,2.0,20.71754,9.99147
ps1_thy,THY,LENG8,100.0,85.87,17,1302,0.0,309.0,3.9824168797953963,1.0,12.9725,12.03849
ps1_thy,THY,LGALS1,100.0,77.35,9,1443,0.0,245.0,4.644799456152278,2.0,11.43144,10.0168
ps1_thy,THY,LGALS3BP,100.0,81.33,8,1371,0.0,490.0,4.79833984375,2.0,16.20354,17.73897
ps1_thy,THY,LTBP4,100.0,75.78,10,1444,0.0,298.0,3.940251572327044,2.0,11.12233,14.98906
ps1_thy,THY,LUM,100.0,84.51,13,1472,0.0,292.0,4.2854251012145745,2.0,10.80764,14.21447
ps1_thy,THY,MAGED2,100.0,74.59,6,1344,0.0,277.0,6.198633479746218,2.0,16.10583,8.03258
ps1_thy,THY,MARCKSL1,100.0,83.48,13,1437,0.0,283.0,4.292840945902171,2.0,11.82043,11.88268
ps1_thy,THY,MAT2A,100.0,95.11,75,1189,0.0,74.0,2.36920605782469,1.0,3.65545,6.89261
ps1_thy,THY,MBD6,100.0,76.95,11,1474,0.0,164.0,4.021675140487021,2.0,9.01118,8.64973
ps1_thy,THY,MCL1,100.0,85.18,8,1462,0.0,281.0,7.083669936526255,3.0,17.64464,8.91158
ps1_thy,THY,MFAP4,100.0,85.78,19,1432,0.0,176.0,3.1136950904392764,1.0,7.95589,11.96849
ps1_thy,THY,MGP,100.0,74.31,9,1518,0.0,223.0,4.093447293447293,2.0,10.37454,13.77033
ps1_thy,THY,MMP2,100.0,87.66,13,1492,0.0,437.0,5.060985797827903,2.0,14.41136,16.93692
ps1_thy,THY,MORF4L2,100.0,88.46,32,1528,0.0,86.0,2.527639971651311,1.0,4.1998,8.20713
ps1_thy,THY,MRFAP1,100.0,84.85,16,1251,0.0,190.0,4.110488126649076,1.0,12.0058,8.89856
ps1_thy,THY,MSN,100.0,88.21,18,1465,0.0,272.0,3.7877130910260535,2.0,11.73356,14.30426
ps1_thy,THY,MT-ATP6,100.0,84.19,23,1428,0.0,74.0,2.969195225259915,1.0,5.04609,6.20714
ps1_thy,THY,MT-ATP8,100.0,86.33,21,1478,0.0,136.0,3.591937765205092,2.0,7.36725,7.89187
ps1_thy,THY,MT-CO1,100.0,69.43,7,1463,0.0,227.0,4.470137336314276,2.0,10.01449,9.50537
ps1_thy,THY,MT-CO2,100.0,85.65,21,1451,0.0,196.0,3.3482734964555227,1.0,7.48913,10.27813
ps1_thy,THY,MT-CO3,100.0,90.42,37,1480,0.0,113.0,2.967016205910391,1.0,5.53414,7.66217
ps1_thy,THY,MT-CYB,100.0,79.0,11,1442,0.0,183.0,4.377063944761333,2.0,10.2441,8.45972
ps1_thy,THY,MT-ND1,100.0,85.42,17,1416,0.0,200.0,4.009119407238529,2.0,9.87055,9.92041
ps1_thy,THY,MT-ND2,100.0,93.18,52,1442,0.0,101.0,2.5043035993740217,1.0,4.76395,9.86729
ps1_thy,THY,MT-ND3,100.0,89.76,41,1530,0.0,87.0,2.4739137206042674,1.0,4.00305,9.2733
ps1_thy,THY,MT-ND4,100.0,68.05,5,1436,0.0,215.0,5.858326068003487,2.0,14.15297,8.27843
ps1_thy,THY,MT-ND4L,100.0,68.44,4,1449,0.0,191.0,7.0831055221432475,3.0,15.90502,6.2462
ps1_thy,THY,MT-ND5,100.0,76.86,10,1457,0.0,236.0,3.8249777514090773,2.0,9.07003,13.04999
ps1_thy,THY,MT-ND6,100.0,86.03,19,1521,0.0,150.0,3.5040871934604905,2.0,6.52696,9.92229
ps1_thy,THY,MT1E,100.0,92.41,61,1548,0.0,56.0,2.0686479698618667,1.0,2.24277,7.10666
ps1_thy,THY,MT1F,100.0,86.8,18,1521,0.0,285.0,3.989764868603043,2.0,9.41308,12.94336
ps1_thy,THY,MT1G,100.0,92.5,41,1407,0.0,103.0,2.3286308973172987,1.0,3.98442,11.82339
ps1_thy,THY,MT1X,100.0,87.21,10,1515,0.0,228.0,6.704850361197111,3.0,14.33218,8.48193
ps1_thy,THY,MT2A,100.0,87.95,18,1502,0.0,242.0,4.389315320847405,2.0,9.66307,10.37178
ps1_thy,THY,MTCH1,100.0,83.8,18,1497,0.0,141.0,3.4168575355016033,2.0,7.34272,9.58971
ps1_thy,THY,MYH9,100.0,89.38,22,1408,0.0,238.0,3.727576771055032,2.0,9.79808,11.52941
ps1_thy,THY,MYL12A,100.0,73.86,8,1471,0.0,282.0,4.514629388816645,2.0,11.99301,11.80292
ps1_thy,THY,MYL12B,100.0,66.12,3,1410,0.0,297.0,8.842288904396371,3.0,22.63282,7.4142
ps1_thy,THY,MYL6,100.0,85.84,15,1476,0.0,244.0,4.235725677830941,2.0,12.10099,12.85623
ps1_thy,THY,MYL9,100.0,94.17,48,1402,0.0,137.0,2.463321446765155,1.0,5.1115,14.21404
ps1_thy,THY,NCL,100.0,80.01,13,1325,0.0,145.0,3.8583042973286874,1.0,9.92891,7.82851
ps1_thy,THY,NDUFA1,100.0,72.94,4,1272,0.0,524.0,5.055918663761801,2.0,24.03675,16.4901
ps1_thy,THY,NDUFB7,100.0,88.49,9,1166,0.0,461.0,6.02317880794702,2.0,21.93585,12.22764
ps1_thy,THY,NDUFS5,100.0,56.9,4,1499,0.0,424.0,4.878095975232198,2.0,16.07852,16.2303
ps1_thy,THY,NDUFV1,100.0,82.19,15,1400,0.0,243.0,3.4076450147019512,1.0,10.15885,12.45617
ps1_thy,THY,NIBAN2,100.0,47.44,3,1404,0.0,310.0,4.782294489611563,2.0,13.06455,11.73977
ps1_thy,THY,NKX2-1,100.0,75.76,5,1411,0.0,373.0,7.453216374269005,3.0,20.55319,10.30819
ps1_thy,THY,NME2,100.0,80.13,12,1369,0.0,198.0,3.5846860643185297,1.0,10.0783,12.00786
ps1_thy,THY,NOP53,100.0,81.01,8,1353,0.0,406.0,5.01215953307393,2.0,16.23671,14.42854
ps1_thy,THY,NPC2,100.0,78.07,11,1507,0.0,183.0,3.9738651994497936,2.0,8.59568,10.38386
ps1_thy,THY,NPM1,100.0,61.02,3,1398,0.0,387.0,5.94434250764526,2.0,18.89164,13.22797
ps1_thy,THY,NPNT,100.0,66.3,5,1387,0.0,528.0,5.143346170303809,2.0,17.52815,16.83378
ps1_thy,THY,NR4A1,100.0,65.66,5,1409,0.0,293.0,4.203389830508475,2.0,14.30348,12.59158
ps1_thy,THY,OAZ1,100.0,74.99,9,1401,0.0,217.0,4.20577045022194,2.0,10.95508,9.28463
ps1_thy,THY,OGT,100.0,83.72,19,1497,0.0,168.0,3.2375296912114013,1.0,7.11282,10.61722
ps1_thy,THY,OST4,100.0,66.26,7,1325,0.0,269.0,3.811121764141898,1.0,12.26752,10.83121
ps1_thy,THY,PABPC1,100.0,0.0,1,1456,0.0,575.0,7.070054945054945,3.0,21.99458,17.11405
ps1_thy,THY,PABPN1,100.0,80.78,10,1364,0.0,477.0,4.712705074399084,2.0,16.05573,14.81056
ps1_thy,THY,PARK7,100.0,72.08,6,1146,0.0,206.0,4.744791666666667,1.0,15.51852,8.63584
ps1_thy,THY,PARM1,100.0,83.71,14,1446,0.0,235.0,4.3441479684657365,2.0,11.40748,9.94534
ps1_thy,THY,PAX8,100.0,83.98,9,1442,0.0,204.0,6.423761423761424,2.0,15.98986,7.25405
ps1_thy,THY,PCBP2,100.0,82.08,12,1291,0.0,250.0,4.180835734870317,1.0,12.87363,10.6561
ps1_thy,THY,PCP4,100.0,84.17,16,1505,0.0,168.0,3.97639653815893,2.0,8.8174,8.92083
ps1_thy,THY,PDIA3,100.0,43.42,3,1352,0.0,441.0,4.640958605664488,2.0,16.07071,16.40904
ps1_thy,THY,PDIA4,100.0,67.37,4,1478,0.0,429.0,5.864178330741317,3.0,14.98267,18.75122
ps1_thy,THY,PDLIM1,100.0,75.06,9,1515,0.0,210.0,4.135588235294118,2.0,9.16311,11.23983
ps1_thy,THY,PEBP1,100.0,66.9,7,1307,0.0,230.0,4.319352708058124,2.0,11.52274,10.2753
ps1_thy,THY,PEF1,100.0,86.11,11,1360,0.0,291.0,5.759865255052936,2.0,16.33447,9.3296
ps1_thy,THY,PER1,100.0,85.47,16,1523,0.0,231.0,3.528664219147134,2.0,8.02721,12.74196
ps1_thy,THY,PFDN5,100.0,61.17,3,1316,0.0,624.0,5.8988910632746245,2.0,24.32608,16.16863
ps1_thy,THY,PFN1,100.0,86.94,12,1499,0.0,229.0,5.336313324819072,2.0,13.53837,9.5045
ps1_thy,THY,PGGHG,100.0,93.47,44,1501,0.0,152.0,2.8912841910060267,2.0,5.74323,12.84769
ps1_thy,THY,PHF1,100.0,63.03,3,1257,0.0,372.0,7.735294117647059,2.0,21.19404,8.44881
ps1_thy,THY,PILRB,100.0,80.27,11,1511,0.0,257.0,4.475754803293687,2.0,10.50105,11.4944
ps1_thy,THY,PKM,100.0,68.3,5,1453,0.0,341.0,5.4003473729917495,2.0,16.64491,12.81168
ps1_thy,THY,PLA2G2A,100.0,95.84,78,1459,0.0,74.0,2.2078141499472017,1.0,3.10966,10.62935
ps1_thy,THY,PLEKHH1,100.0,74.04,9,1396,0.0,327.0,4.144389944819129,2.0,11.33035,12.78232
ps1_thy,THY,PLPP1,100.0,42.32,2,1471,0.0,256.0,8.074837949322333,3.0,18.28597,7.38019
ps1_thy,THY,PLPP3,100.0,45.93,2,1399,0.0,332.0,8.340383344348975,3.0,20.3939,7.44836
ps1_thy,THY,PLS3,100.0,72.44,5,1410,0.0,326.0,5.910962429233145,2.0,17.66139,10.50022
ps1_thy,THY,PLVAP,100.0,87.26,30,1527,0.0,113.0,2.50531367843675,1.0,3.95796,10.24147
ps1_thy,THY,PLXNB2,100.0,83.74,17,1467,0.0,211.0,3.4224414303329223,2.0,7.73621,11.18451
ps1_thy,THY,PNISR,100.0,48.62,2,1305,0.0,447.0,7.528709917971663,3.0,23.89784,10.36669
ps1_thy,THY,PNN,100.0,78.61,7,1371,0.0,439.0,5.615197272284462,2.0,19.05589,13.28907
ps1_thy,THY,PNPLA2,100.0,85.86,13,1408,0.0,187.0,4.855873261205564,2.0,11.83972,8.01757
ps1_thy,THY,POLR2L,100.0,91.71,13,1188,0.0,436.0,6.569867291178767,2.0,22.31829,11.09889
ps1_thy,THY,PPA1,100.0,77.84,12,1478,0.0,179.0,3.7206106870229005,2.0,8.74882,9.61149
ps1_thy,THY,PPIA,100.0,77.85,5,1348,0.0,543.0,6.31078365706631,2.0,26.25326,13.00338
ps1_thy,THY,PPIB,100.0,0.0,1,1294,0.0,512.0,6.865533230293663,3.0,20.73086,14.71258
ps1_thy,THY,PRDX1,100.0,62.4,5,1374,0.0,235.0,4.608207510646535,2.0,14.13682,10.40719
ps1_thy,THY,PRDX2,100.0,68.15,5,1237,0.0,422.0,4.6923857868020304,2.0,19.71626,15.41267
ps1_thy,THY,PRDX3,100.0,71.11,5,1267,0.0,529.0,4.804918032786885,2.0,20.67399,18.25282
ps1_thy,THY,PRDX5,100.0,79.9,10,1341,0.0,345.0,4.3316023738872405,1.0,14.67857,12.36967
ps1_thy,THY,PRDX6,100.0,70.86,8,1489,0.0,283.0,4.175453759723423,2.0,10.24851,12.10418
ps1_thy,THY,PSAP,100.0,72.6,7,1408,0.0,304.0,4.615697889670493,2.0,15.80555,11.43003
ps1_thy,THY,PSMB4,100.0,83.55,13,1348,0.0,172.0,3.8300381546999653,1.0,10.77514,8.51716
ps1_thy,THY,PSME1,100.0,70.07,5,1448,0.0,601.0,5.030918320258421,2.0,18.83302,20.27133
ps1_thy,THY,PTBP1,100.0,66.11,3,1382,0.0,255.0,9.216370106761566,4.0,20.23855,6.48512
ps1_thy,THY,PTMA,100.0,87.1,19,1355,0.0,186.0,4.020174646190906,2.0,10.23599,8.68033
ps1_thy,THY,PTMS,100.0,87.29,21,1464,0.0,194.0,3.6141248720573182,2.0,9.3641,11.78171
ps1_thy,THY,PTTG1IP,100.0,79.42,12,1402,0.0,189.0,4.1842865395725015,2.0,10.80226,9.39281
ps1_thy,THY,RAB11B,100.0,87.43,11,1311,0.0,332.0,5.910093767236624,2.0,19.45661,10.37816
ps1_thy,THY,RAB1B,100.0,77.21,9,1263,0.0,340.0,4.7398687765341565,1.0,13.74306,10.63018
ps1_thy,THY,RABAC1,100.0,87.95,18,1359,0.0,340.0,3.823270013568521,2.0,10.91488,15.59938
ps1_thy,THY,RAC1,100.0,82.6,14,1411,0.0,245.0,3.8557300756253636,2.0,10.55621,10.8183
ps1_thy,THY,RACK1,100.0,27.63,2,1332,0.0,561.0,4.444502074688796,2.0,22.023,18.34157
ps1_thy,THY,RAP1GAP,100.0,86.12,11,1438,0.0,389.0,5.651639344262295,2.0,16.26013,13.16715
ps1_thy,THY,RASD1,100.0,78.36,10,1510,0.0,328.0,4.33782129742962,2.0,10.42346,15.9892
ps1_thy,THY,RASSF4,100.0,93.85,39,1238,0.0,208.0,2.5562289562289564,1.0,7.14513,15.49251
ps1_thy,THY,REEP5,100.0,86.0,10,1338,0.0,325.0,5.855846235985051,2.0,18.01075,10.91058
ps1_thy,THY,RGCC,100.0,49.67,2,1530,0.0,398.0,9.194805194805195,5.0,19.82933,10.73152
ps1_thy,THY,RGL3,100.0,73.76,10,1438,0.0,224.0,3.5983041865394805,1.0,10.01336,11.63904
ps1_thy,THY,RGS5,100.0,91.5,37,1442,0.0,174.0,2.674895305267798,1.0,5.55775,14.11526
ps1_thy,THY,RHOA,100.0,67.06,8,1424,0.0,231.0,3.5217159605648813,1.0,10.04157,10.61877
ps1_thy,THY,RHOB,100.0,92.22,35,1426,0.0,121.0,2.2626834921452486,1.0,4.6958,12.23385
ps1_thy,THY,RHOT2,100.0,84.87,12,1270,0.0,289.0,4.844752818733738,2.0,16.26894,9.56385
ps1_thy,THY,RNASEK,100.0,68.72,6,1350,0.0,229.0,4.754538279400158,2.0,14.14213,8.72546
ps1_thy,THY,RPL10,100.0,49.87,3,1395,0.0,720.0,4.543851286939943,2.0,25.03099,21.08382
ps1_thy,THY,RPL10A,100.0,45.84,3,1301,0.0,568.0,3.731315042573321,1.0,19.72305,21.05752
ps1_thy,THY,RPL11,100.0,62.43,3,1244,0.0,526.0,4.671897289586306,2.0,26.09599,16.7957
ps1_thy,THY,RPL12,100.0,48.72,2,1402,0.0,457.0,6.264951321279555,3.0,25.83407,13.90113
ps1_thy,THY,RPL13,100.0,49.65,2,1300,0.0,605.0,7.131398013750955,3.0,24.56247,15.45823
ps1_thy,THY,RPL13A,100.0,49.64,2,1244,0.0,469.0,4.957701516360734,2.0,25.39531,15.01466
ps1_thy,THY,RPL15,100.0,0.0,1,1215,0.0,365.0,6.804115226337449,2.0,22.3322,8.65959
ps1_thy,THY,RPL17,100.0,52.81,3,1246,0.0,508.0,3.8458049886621315,1.0,21.33947,18.20424
ps1_thy,THY,RPL18,100.0,0.0,1,1303,0.0,760.0,5.4842670759785115,2.0,30.95849,21.25336
ps1_thy,THY,RPL18A,100.0,0.0,1,1415,0.0,909.0,6.291872791519435,3.0,27.31487,26.89801
ps1_thy,THY,RPL19,100.0,0.0,1,1270,0.0,571.0,5.082677165354331,2.0,26.61182,15.7782
ps1_thy,THY,RPL21,100.0,49.25,2,1326,0.0,764.0,5.133729569093611,2.0,26.93095,21.0626
ps1_thy,THY,RPL22,100.0,0.0,1,1215,0.0,513.0,5.697942386831276,2.0,25.38909,13.36951
ps1_thy,THY,RPL23,100.0,45.77,3,1348,0.0,392.0,3.676698586411309,2.0,17.52671,15.78276
ps1_thy,THY,RPL23A,100.0,48.94,3,1425,0.0,402.0,5.006413192853871,2.0,17.76283,13.30526
ps1_thy,THY,RPL24,100.0,33.88,2,1300,0.0,584.0,5.027341477603258,2.0,23.52284,18.68149
ps1_thy,THY,RPL26,100.0,62.07,4,1330,0.0,404.0,3.9013875123885033,2.0,17.77203,15.86582
ps1_thy,THY,RPL27,100.0,45.34,2,1223,0.0,801.0,4.816753926701571,2.0,24.9408,26.18836
ps1_thy,THY,RPL27A,100.0,62.21,3,1293,0.0,536.0,4.68212824010914,2.0,25.27777,18.29723
ps1_thy,THY,RPL28,100.0,0.0,1,1354,0.0,1141.0,4.8153618906942395,2.0,31.56852,34.49412
ps1_thy,THY,RPL29,100.0,48.22,2,1294,0.0,887.0,4.571641791044776,2.0,29.70778,24.09805
ps1_thy,THY,RPL3,100.0,47.85,3,1302,0.0,422.0,4.587628865979381,2.0,18.94891,15.49586
ps1_thy,THY,RPL30,100.0,63.95,4,1355,0.0,555.0,4.559877175025589,2.0,20.54784,20.65627
ps1_thy,THY,RPL31,100.0,64.12,3,1282,0.0,562.0,4.794927536231884,2.0,25.69045,17.1069
ps1_thy,THY,RPL32,100.0,0.0,1,1297,0.0,536.0,5.459521973785659,2.0,28.06675,15.20745
ps1_thy,THY,RPL34,100.0,58.46,4,1422,0.0,457.0,4.424460431654676,2.0,19.405,17.31043
ps1_thy,THY,RPL35,100.0,47.99,2,1295,0.0,554.0,6.240534521158129,3.0,20.18052,17.73918
ps1_thy,THY,RPL35A,100.0,49.7,3,1328,0.0,501.0,4.08433133732535,2.0,19.59323,17.56745
ps1_thy,THY,RPL36,100.0,30.52,2,1291,0.0,719.0,3.9364548494983276,2.0,24.07058,25.07697
ps1_thy,THY,RPL36A,100.0,41.43,2,1382,0.0,415.0,6.155033971587399,3.0,19.48113,14.43789
ps1_thy,THY,RPL36AL,100.0,59.14,6,1484,0.0,289.0,3.9299065420560746,2.0,11.31576,13.95268
ps1_thy,THY,RPL37A,100.0,25.64,2,1336,0.0,471.0,3.9894313034725717,2.0,20.85303,17.95899
ps1_thy,THY,RPL38,100.0,23.84,2,1376,0.0,710.0,3.793416030534351,2.0,22.90298,22.54646
ps1_thy,THY,RPL4,100.0,43.22,2,1342,0.0,506.0,5.375984251968504,2.0,21.86116,15.47859
ps1_thy,THY,RPL41,100.0,63.27,3,1383,0.0,571.0,6.206036745406824,3.0,25.19438,16.33779
ps1_thy,THY,RPL5,100.0,0.0,1,1276,0.0,464.0,5.432601880877743,2.0,23.05254,14.73708
ps1_thy,THY,RPL6,100.0,53.46,3,1320,0.0,356.0,5.5892566467715685,2.0,18.1323,11.27635
ps1_thy,THY,RPL7,100.0,0.0,1,1256,0.0,660.0,5.695063694267516,2.0,28.69561,16.14671
ps1_thy,THY,RPL7A,100.0,40.96,3,1245,0.0,497.0,2.9346938775510205,1.0,19.46235,19.21867
ps1_thy,THY,RPL8,100.0,63.15,3,1262,0.0,627.0,5.149820788530466,2.0,23.06512,18.8473
ps1_thy,THY,RPL9,100.0,47.06,4,1487,0.0,302.0,4.256906954588758,2.0,12.42462,13.20278
ps1_thy,THY,RPLP0,100.0,35.39,3,1348,0.0,561.0,3.7416762342135477,2.0,18.87908,20.72323
ps1_thy,THY,RPLP1,100.0,46.01,2,1366,0.0,728.0,5.633220338983051,3.0,23.78312,23.61616
ps1_thy,THY,RPLP2,100.0,45.98,2,1455,0.0,663.0,6.954834605597965,3.0,23.27398,21.89749
ps1_thy,THY,RPN2,100.0,77.06,5,1251,0.0,374.0,6.403484320557491,2.0,22.14641,10.70913
ps1_thy,THY,RPS10,100.0,0.0,1,1311,0.0,566.0,6.388253241800153,3.0,24.25666,16.17847
ps1_thy,THY,RPS11,100.0,49.4,2,1344,0.0,764.0,5.447794117647059,2.0,28.3039,21.03062
ps1_thy,THY,RPS12,100.0,48.69,2,1340,0.0,812.0,5.2567272727272725,2.0,25.24473,25.66748
ps1_thy,THY,RPS13,100.0,57.76,4,1401,0.0,498.0,3.945923109421208,2.0,18.81151,17.73303
ps1_thy,THY,RPS14,100.0,47.71,2,1329,0.0,881.0,5.326618705035971,2.0,27.4176,25.28712
ps1_thy,THY,RPS15,100.0,0.0,1,1167,0.0,942.0,4.46872322193659,2.0,28.6785,30.17159
ps1_thy,THY,RPS16,100.0,37.71,2,1318,0.0,530.0,4.905602923264312,2.0,22.03419,18.26894
ps1_thy,THY,RPS17,100.0,26.14,2,1255,0.0,638.0,3.844120819848975,2.0,21.01643,21.29076
ps1_thy,THY,RPS18,100.0,38.34,2,1428,0.0,721.0,5.645655877342419,3.0,23.92147,22.05315
ps1_thy,THY,RPS19,100.0,27.17,2,1290,0.0,543.0,4.535923363491219,2.0,19.04214,21.71278
ps1_thy,THY,RPS19BP1,100.0,73.13,7,1266,0.0,186.0,4.133557328853423,2.0,11.18914,9.39465
ps1_thy,THY,RPS2,100.0,60.8,3,1363,0.0,568.0,6.979413599500936,3.0,21.92331,14.13114
ps1_thy,THY,RPS21,100.0,0.0,1,1380,0.0,740.0,6.405072463768116,3.0,22.91324,25.4494
ps1_thy,THY,RPS24,100.0,43.52,3,1365,0.0,484.0,3.763078253350627,2.0,20.56227,18.41963
ps1_thy,THY,RPS25,100.0,49.3,2,1281,0.0,445.0,5.3471901462663585,2.0,24.7868,13.91042
ps1_thy,THY,RPS26,100.0,96.09,104,1546,0.0,26.0,1.8627107858733694,1.0,1.50143,4.28978
ps1_thy,THY,RPS27,100.0,0.0,1,1408,0.0,708.0,6.299715909090909,3.0,24.46753,20.66154
ps1_thy,THY,RPS27A,100.0,48.37,2,1315,0.0,696.0,5.592047128129602,2.0,25.32225,19.12135
ps1_thy,THY,RPS28,100.0,46.53,3,1470,0.0,519.0,4.719677692960135,2.0,17.72813,20.19725
ps1_thy,THY,RPS3,100.0,42.82,2,1316,0.0,571.0,5.243853820598007,2.0,20.70514,18.20991
ps1_thy,THY,RPS3A,100.0,66.91,4,1381,0.0,527.0,4.544310722100657,2.0,21.2607,19.06677
ps1_thy,THY,RPS4X,100.0,49.5,2,1000,0.0,898.0,3.199009900990099,1.0,29.32074,28.48253
ps1_thy,THY,RPS5,100.0,0.0,1,1329,0.0,653.0,5.451467268623025,2.0,27.8146,19.55345
ps1_thy,THY,RPS6,100.0,57.57,3,1272,0.0,635.0,3.9975293390982087,2.0,24.09373,19.15508
ps1_thy,THY,RPS7,100.0,62.13,3,1338,0.0,676.0,5.214473684210526,2.0,24.14711,20.26162
ps1_thy,THY,RPS8,100.0,49.09,2,1265,0.0,686.0,5.232919254658385,2.0,29.97538,19.30834
ps1_thy,THY,RPS9,100.0,47.72,2,1425,0.0,768.0,5.914765100671141,3.0,28.47658,20.61643
ps1_thy,THY,RPSA,100.0,17.75,2,1389,0.0,773.0,4.160612691466083,2.0,22.91109,24.91172
ps1_thy,THY,RRAS,100.0,87.54,14,1466,0.0,293.0,5.288115715402658,2.0,13.63994,11.31028
ps1_thy,THY,RRBP1,100.0,75.12,10,1454,0.0,160.0,3.866463920376002,2.0,9.39403,8.90839
ps1_thy,THY,RTL8C,100.0,77.14,8,1451,0.0,230.0,5.458553127354936,2.0,11.91244,8.28722
ps1_thy,THY,S100A10,100.0,73.32,4,1401,0.0,448.0,7.418729096989966,3.0,21.86624,10.0135
ps1_thy,THY,S100A11,100.0,80.94,13,1479,0.0,228.0,3.7633733624454146,2.0,9.65465,11.68423
ps1_thy,THY,S100A13,100.0,80.77,15,1526,0.0,192.0,3.339468302658487,2.0,7.17222,12.4125
ps1_thy,THY,S100A4,100.0,86.69,12,1466,0.0,436.0,5.622544833475662,2.0,14.95365,14.18191
ps1_thy,THY,S100A6,100.0,73.69,10,1519,0.0,236.0,3.576076076076076,2.0,9.01508,13.88141
ps1_thy,THY,SARAF,100.0,47.95,2,1369,0.0,414.0,6.822456140350877,3.0,22.59064,11.90467
ps1_thy,THY,SAT1,100.0,92.35,52,1536,0.0,116.0,2.206811855248076,1.0,3.40281,13.2412
ps1_thy,THY,SAT2,100.0,85.66,10,1466,0.0,279.0,6.398667935299715,2.0,16.69851,8.93678
ps1_thy,THY,SCPEP1,100.0,84.05,9,1443,0.0,339.0,6.103764478764479,2.0,17.47371,10.20772
ps1_thy,THY,SDC2,100.0,88.0,13,1362,0.0,286.0,5.718117647058824,2.0,15.96187,8.92282
ps1_thy,THY,SELENBP1,100.0,91.98,24,1511,0.0,162.0,4.918872464764524,2.0,9.89888,6.88157
ps1_thy,THY,SELENOM,100.0,70.33,9,1451,0.0,250.0,3.370322580645161,2.0,8.83091,13.23152
ps1_thy,THY,SELENOW,100.0,87.23,20,1496,0.0,214.0,3.6468586387434554,2.0,8.87541,12.4585
ps1_thy,THY,SERF2,100.0,45.3,2,1299,0.0,394.0,6.315270935960591,2.0,21.67541,12.13905
ps1_thy,THY,SERINC1,100.0,79.48,8,1195,0.0,201.0,5.627420998980632,2.0,15.20037,6.42714
ps1_thy,THY,SERPINF1,100.0,73.84,5,1410,0.0,457.0,6.003253796095445,2.0,19.48833,12.45811
ps1_thy,THY,SERPING1,100.0,79.6,8,1442,0.0,410.0,5.3807904802379944,2.0,16.85876,13.69813
ps1_thy,THY,SF1,100.0,91.32,24,1379,0.0,289.0,4.200835363731291,2.0,14.18596,12.93642
ps1_thy,THY,SFRP2,100.0,86.97,24,1525,0.0,105.0,2.388259958071279,1.0,4.14696,11.98791
ps1_thy,THY,SH3BGRL3,100.0,81.78,6,1417,0.0,424.0,7.380245319561007,3.0,21.46372,11.48288
ps1_thy,THY,SLC25A29,100.0,0.0,1,1338,0.0,358.0,7.769805680119582,3.0,22.21567,9.21034
ps1_thy,THY,SLC25A5,100.0,65.14,5,1459,0.0,319.0,4.902477388910735,2.0,13.97441,11.87804
ps1_thy,THY,SLC26A7,100.0,87.29,20,1397,0.0,277.0,3.751830985915493,1.0,10.24374,12.72267
ps1_thy,THY,SLCO2A1,100.0,49.18,2,1456,0.0,386.0,8.55608108108108,4.0,20.78687,9.94832
ps1_thy,THY,SNRNP70,100.0,83.18,15,1366,0.0,333.0,3.711549622751016,1.0,10.9255,13.63523
ps1_thy,THY,SNX3,100.0,94.78,43,1234,0.0,211.0,2.4895382395382395,1.0,6.64305,16.33826
ps1_thy,THY,SOD1,100.0,93.94,40,1339,0.0,142.0,2.478756157635468,1.0,5.59712,11.89319
ps1_thy,THY,SOD3,100.0,74.78,7,1461,0.0,159.0,5.421093447072509,2.0,11.69024,6.73742
ps1_thy,THY,SPARC,100.0,89.81,22,1486,0.0,224.0,3.9282713085234096,2.0,9.05074,10.84343
ps1_thy,THY,SPARCL1,100.0,91.07,30,1456,0.0,218.0,3.411644011284945,2.0,8.34346,12.43158
ps1_thy,THY,SPINT2,100.0,68.8,5,1325,0.0,248.0,5.44267053701016,2.0,15.37844,8.07122
ps1_thy,THY,SRP14,100.0,49.61,2,1147,0.0,490.0,6.187716262975779,2.0,24.90435,11.84149
ps1_thy,THY,SRRM2,100.0,73.01,9,1453,0.0,222.0,3.863984131482006,2.0,10.04753,11.59121
ps1_thy,THY,SRSF2,100.0,72.51,9,1446,0.0,269.0,3.776690888764673,1.0,10.6156,12.91323
ps1_thy,THY,SRSF5,100.0,52.45,3,1346,0.0,343.0,5.7078125,2.0,17.7825,9.66164
ps1_thy,THY,STOM,100.0,70.68,4,1476,0.0,268.0,6.993645291738879,3.0,17.89986,8.98178
ps1_thy,THY,TAGLN,100.0,94.97,47,1363,0.0,198.0,2.8632558139534883,1.0,7.73027,16.44906
ps1_thy,THY,TAGLN2,100.0,85.58,21,1467,0.0,206.0,3.073148773351339,1.0,7.8174,12.45852
ps1_thy,THY,TALDO1,100.0,49.09,2,1421,0.0,511.0,7.151347615756738,3.0,18.85884,15.87628
ps1_thy,THY,TFF3,100.0,88.37,29,1531,0.0,100.0,2.8636715724244772,2.0,4.73778,7.94248
ps1_thy,THY,TG,100.0,73.81,8,1408,0.0,233.0,4.712203389830509,2.0,11.86816,9.89999
ps1_thy,THY,TIMP1,100.0,79.92,9,1531,0.0,226.0,4.963859775930611,3.0,10.23526,11.05746
ps1_thy,THY,TIMP2,100.0,76.61,6,1341,0.0,317.0,5.089266737513284,2.0,15.94826,12.12061
ps1_thy,THY,TIMP3,100.0,62.49,4,1433,0.0,396.0,5.982790697674418,2.0,18.17146,11.80653
ps1_thy,THY,TKT,100.0,0.0,1,1386,0.0,610.0,7.305194805194805,3.0,24.81507,14.80164
ps1_thy,THY,TLE5,100.0,77.75,9,1348,0.0,271.0,4.345683586513523,1.0,14.2263,12.0417
ps1_thy,THY,TMA7,100.0,17.42,2,1432,0.0,593.0,4.861733615221987,2.0,18.18349,21.52933
ps1_thy,THY,TMBIM1,100.0,49.37,2,1420,0.0,343.0,8.616133518776078,3.0,24.26993,8.03434
ps1_thy,THY,TMBIM6,100.0,67.94,5,1270,0.0,261.0,5.413064833005894,2.0,16.57687,7.95548
ps1_thy,THY,TMEM259,100.0,77.54,10,1315,0.0,242.0,4.138164578394853,1.0,11.89031,10.16152
ps1_thy,THY,TMSB10,100.0,62.63,4,1485,0.0,285.0,6.181531531531531,3.0,14.77921,9.98706
ps1_thy,THY,TMSB4X,100.0,88.11,26,1426,0.0,213.0,3.048774954627949,1.0,7.87632,15.01288
ps1_thy,THY,TNS2,100.0,85.0,17,1443,0.0,334.0,3.6523511823865182,1.0,11.15699,17.05896
ps1_thy,THY,TOMM6,100.0,79.97,13,1406,0.0,174.0,3.7476099426386233,1.0,9.81705,8.32657
ps1_thy,THY,TOMM7,100.0,68.21,4,1389,0.0,956.0,4.936013590033975,2.0,26.75557,28.58765
ps1_thy,THY,TPI1,100.0,69.51,6,1417,0.0,464.0,4.135030864197531,2.0,15.06789,18.85159
ps1_thy,THY,TPM2,100.0,93.05,38,1433,0.0,109.0,2.499867829764737,1.0,4.96586,11.25319
ps1_thy,THY,TPO,100.0,88.2,27,1500,0.0,202.0,3.088684375653629,2.0,6.82547,12.2755
ps1_thy,THY,TPT1,100.0,22.5,2,1340,0.0,479.0,4.403948001925855,2.0,16.28487,18.17879
ps1_thy,THY,TRIR,100.0,79.6,10,1401,0.0,312.0,4.174247725682295,2.0,13.98436,11.85549
ps1_thy,THY,TSC22D3,100.0,43.01,3,1515,0.0,335.0,5.396525096525097,3.0,12.84565,13.50804
ps1_thy,THY,TSPYL2,100.0,93.66,57,1507,0.0,67.0,2.3755972069092244,1.0,3.51189,7.99102
ps1_thy,THY,TSTD1,100.0,83.82,9,1353,0.0,515.0,5.356852791878173,2.0,19.14842,17.23942
ps1_thy,THY,TUBB,100.0,69.67,8,1501,0.0,305.0,3.8646348160351454,2.0,10.21736,14.15898
ps1_thy,THY,TUBB4B,100.0,84.06,15,1427,0.0,266.0,4.075051304602756,2.0,10.43915,11.06744
ps1_thy,THY,TXNIP,100.0,90.44,35,1545,0.0,151.0,2.732301740812379,1.0,5.63643,13.74284
ps1_thy,THY,UBA1,100.0,91.75,26,1466,0.0,172.0,4.379014308426073,2.0,10.37553,8.65327
ps1_thy,THY,UBA52,100.0,54.75,3,1343,0.0,666.0,4.392759188151399,2.0,22.81436,22.35856
ps1_thy,THY,UBC,100.0,71.55,6,1505,0.0,238.0,3.9427792915531334,2.0,11.05717,14.74256
ps1_thy,THY,UBL5,100.0,63.55,4,1238,0.0,337.0,5.089750692520775,2.0,18.40323,10.80333
ps1_thy,THY,UBXN1,100.0,84.44,12,1286,0.0,385.0,4.209079550187422,1.0,15.8408,14.55636
ps1_thy,THY,UBXN6,100.0,83.04,12,1348,0.0,297.0,4.262850893182646,1.0,13.45062,10.63672
ps1_thy,THY,UQCRH,100.0,61.59,3,1299,0.0,352.0,6.34936539746159,2.0,20.34588,10.3647
ps1_thy,THY,VAMP8,100.0,49.6,2,1370,0.0,457.0,8.038377986965967,3.0,21.26174,11.52717
ps1_thy,THY,VEGFA,100.0,85.53,26,1520,0.0,107.0,2.7414728004198006,1.0,4.63168,7.88434
ps1_thy,THY,VIM,100.0,69.3,9,1428,0.0,150.0,3.638276299112801,2.0,8.26664,8.20825
ps1_thy,THY,WBP1,100.0,61.58,5,1377,0.0,209.0,4.832136105860114,2.0,13.18453,8.66932
ps1_thy,THY,WDR6,100.0,83.92,13,1463,0.0,213.0,3.8116415958142578,2.0,9.69903,12.23094
ps1_thy,THY,WDR83OS,100.0,65.0,6,1340,0.0,177.0,4.356787491115849,1.0,11.72235,7.37153
ps1_thy,THY,WFDC2,100.0,88.93,27,1485,0.0,165.0,2.8197792295562065,1.0,5.47212,12.47544
ps1_thy,THY,XBP1,100.0,97.34,101,1354,0.0,214.0,2.656318681318681,1.0,6.5688,19.54691
ps1_thy,THY,XRCC6,100.0,62.4,3,1196,0.0,329.0,7.283172720533729,2.0,22.93899,7.52187
ps1_thy,THY,YBX1,100.0,83.2,12,1402,0.0,293.0,4.505482844004245,2.0,14.0858,11.75601
ps1_thy,THY,YBX3,100.0,81.03,9,1450,0.0,249.0,4.747878787878788,2.0,13.14812,11.21157
ps1_thy,THY,YWHAE,100.0,81.93,11,1186,0.0,235.0,4.529686174724342,1.0,14.43992,9.15196
ps1_thy,THY,ZFP36,100.0,61.54,5,1413,0.0,531.0,3.817813765182186,2.0,16.74612,23.51061
ps1_thy,THY,ZFP36L1,100.0,85.73,14,1495,0.0,237.0,4.51239115874079,2.0,11.69288,10.48817
ps1_thy,THY,ZFP36L2,100.0,86.23,27,1532,0.0,83.0,2.7603581460674156,2.0,4.31347,7.70702
